,Artist,Title,Album,Year,Date,Lyric
0,Adele,Hello,,2015,"October 23, 2015","Türkçe
kriolu kabuverdianu
Bahasa Indonesia
العربية
Ελληνικά
Almost five years after her groundbreaking 21, Adele examines the past and tries to right her wrongs on “Hello.” On the surface, the song appears to be about a break-up from long ago, but the song can also be…
Hello, it's me
I was wondering if after all these years, you'd like to meet
To go over everything
They say that time's supposed to heal ya
But I ain't done much healin'
Hello, can you hear me?
I'm in California dreaming about who we used to be
When we were younger and free
I've forgotten how it felt before the world fell at our feet
There's such a difference between us
And a million miles
Hello from the other side
I must've called a thousand times
To tell you I'm sorry for everything that I've done
But when I call, you never seem to be home
Hello from the outside
At least I can say that I've tried
To tell you I'm sorry for breaking your heart
But it don't matter, it clearly doesn't tear you apart anymore
Hello, how are you?
It's so typical of me to talk about myself, I'm sorry
I hope that you're well
Did you ever make it out of that town
Where nothing ever happened?
It's no secret that the both of us
Are running out of time
So hello from the other side (Other side)
I must've called a thousand times (Thousand times)
To tell you I'm sorry for everything that I've done
But when I call, you never seem to be home
Hello from the outside (Outside)
At least I can say that I've tried (I've tried)
To tell you I'm sorry for breaking your heart
But it don't matter, it clearly doesn't tear you apart anymore
(Highs, highs, highs, highs, lows, lows, lows, lows) Ooh, anymore
(Highs, highs, highs, highs, lows, lows, lows, lows) Ooh, anymore
(Highs, highs, highs, highs, lows, lows, lows, lows) Ooh, anymore
(Highs, highs, highs, highs, lows, lows, lows, lows) Anymore
Hello from the other side (Other side)
I must've called a thousand times (Thousand times)
To tell you I'm sorry for everything that I've done
But when I call, you never seem to be home
Hello from the outside (Outside)
At least I can say that I've tried (I've tried)
To tell you I'm sorry for breaking your heart
But it don't matter, it clearly doesn't tear you apart anymore"
1,Adele,Rolling in the Deep,,2010,"November 29, 2010","Ελληνικά
فارسی
Türkçe
فارسی
العربية
The 2012 song and record of the Year at the Grammy’s, “Rolling In The Deep” was described in an interview with Spin Magazine as a ‘gospel disco’ kiss-off to an unfaithful dude:
It’s me saying, ‘Get the fuck…
There's a fire starting in my heart
Reaching a fever pitch and it's bringing me out the dark
Finally, I can see you crystal clear
Go ahead and sell me out and I'll lay your shit bare
See how I'll leave with every piece of you
Don't underestimate the things that I will do
There's a fire starting in my heart
Reaching a fever pitch and it's bringing me out the dark
The scars of your love remind me of us
They keep me thinkin' that we almost had it all
The scars of your love, they leave me breathless
I can't help feeling
We could've had it all
(You're gonna wish you never had met me)
Rolling in the deep (Tears are gonna fall, rolling in the deep)
You had my heart inside of your hand
(You're gonna wish you never had met me)
And you played it to the beat
(Tears are gonna fall, rolling in the deep)
Baby, I have no story to be told
But I've heard one on you, now I'm gonna make your head burn
Think of me in the depths of your despair
Make a home down there, as mine sure won't be shared
(You're gonna wish you never had met me)
The scars of your love remind me of us
(Tears are gonna fall, rolling in the deep)
They keep me
thinkin' that we almost had it all
(You're gonna wish you never had met me)
The scars of your love, they leave me breathless
(Tears are gonna fall, rolling in the deep)
I can't help feeling
We could've had it all
(You're gonna wish you never had met me)
Rolling in the deep (Tears are gonna fall, rolling in the deep)
You had my heart inside of your hand
(You're gonna wish you never had met me)
And you played it to the beat
(Tears are gonna fall, rolling in the deep)
Could've had it all
Rolling in the deep
You had my heart inside of your hand
But you played it with a beating
Throw your soul through every open door (Ooh woah, oh)
Count your blessings to find what you look for (Woah)
Turn my sorrow into treasured gold (Ooh woah, oh)
You'll pay me back in kind and reap just what you've sown
(You're gonna wish you never had met me)
We could've had it all (Tears are gonna fall, rolling in the deep)
We could've had it all, yeah
(You're gonna wish you never had met me)
It all, it all, it all (Tears are gonna fall, rolling in the deep)
We could've had it all
(You're gonna wish you never had met me)
Rolling in the deep (Tears are gonna fall, rolling in the deep)
You had my heart inside of your hand
(You're gonna wish you never had met me)
And you played it to the beat
(Tears are gonna fall, rolling in the deep)
Could've had it all
(You're gonna wish you never had met me)
Rolling in the deep (Tears are gonna fall, rolling in the deep)
You had my heart inside of your hand
(You're gonna wish you never had met me)
But you played it, you played it, you played it
You played it to the beat"
2,Adele,Easy On Me,,2021,"October 15, 2021","Türkçe
ไทย (Thai)
Svenska
srpski
Magyar
Ελληνικά
فارسی
Filipino
Tiếng Việt
“Easy On Me” marked Adele’s return after a six-year hiatus. The song is the lead single off her fourth studio album 30. In an October 2021 BBC Radio 1 interview, Adele revealed that it was the first song…
There ain't no gold in this river
That I've been washin' my hands in forever
I know there is hope in these waters
But I can't bring myself to swim
When I am drowning in this silence
Baby, let me in
Go easy on me, baby
I was still a child
Didn't get the chance to
Feel the world around me
I had no time to choose what I chose to do
So go easy on me
There ain't no room for things to change
When we are both so deeply stuck in our ways
You can't deny how hard I've tried
I changed who I was to put you both first
But now I give up
Go easy on mе, baby
I was still a child
Didn't get the chance to
Feel thе world around me
Had no time to choose what I chose to do
So go easy on me
I had good intentions
And the highest hopes
But I know right now
It probably doesn't even show
Go easy on me, baby
I was still a child
I didn't get the chance to
Feel the world around me
I had no time to choose what I chose to do
So go easy on me"
3,Adele,Set Fire to the Rain,,2011,"January 24, 2011","Bahasa Melayu
العربية
Türkçe
“Set Fire To The Rain” talks about a relationship coming to an end. Girl meets guy, he is wonderful and she falls really quickly. He tells her all of these amazing things, but really they were all a lie and…
I let it fall, my heart
And as it fell, you rose to claim it
It was dark, and I was over
Until you kissed my lips and you saved me
My hands, they were strong
But my knees were far too weak
To stand in your arms
Without falling to your feet
But there's a side to you
That I never knew, never knew
All the things you'd say
They were never true, never true
And the games you'd play
You would always win, always win
But I set fire to the rain
Watched it pour as I touched your face
Well, it burned while I cried
'Cause I heard it screamin' out your name
Your name
When I lay with you
I could stay there, close my eyes
Feel you here forever
You and me together, nothing is better
'Cause there's a side to you
That I never knew, never knew
All the things you'd say
They were never true, never true
And the games you'd play
You would always win, always win
But I set fire to the rain
Watched it pour as I touched your face
Well, it burned while I cried
'Cause I heard it screamin' out your name
Your name
I set fire to the rain
And I threw us into the flames
When we fell, somethin' died
'Cause I knew that that was the last time
The last time
Sometimes, I wake up by the door
That heart you caught must be waitin' for you
Even now, when we're already over
I can't help myself from lookin' for you
I set fire to the rain
Watched it pour as I touched your face
Well, it burned while I cried
'Cause I heard it screamin' out your name
Your name
I set fire to the rain
And I threw us into the flames
When we fell, somethin' died
'Cause I knew that that was the last time
The last time
Oh, no
Let it burn
Let it burn
Let it burn"
4,Adele,Someone Like You,,2011,"January 24, 2011","Ελληνικά
فارسی
العربية
Українська
Türkçe
“Someone Like You” is the second single off of Adele’s sophomore album, 21. The track was inspired by the broken relationship that inspired most of 21. As the closing track of the album, lyrically, it speaks…
I heard that you're settled down
That you found a girl and you're married now
I heard that your dreams came true
Guess she gave you things I didn't give to you
Old friend, why are you so shy?
Ain't like you to hold back or hide from the light
I hate to turn up out of the blue, uninvited
But I couldn't stay away, I couldn't fight it
I had hoped you'd see my face
And that you'd be reminded that for me, it isn't over
Never mind, I'll find someone like you
I wish nothing but the best for you, too
Don't forget me, I beg
I remember you said
Sometimes it lasts in love, but sometimes it hurts instead
Sometimes it lasts in love, but sometimes it hurts instead
You know how the time flies
Only yesterday was the time of our lives
We were born and raised in a summer haze
Bound by the surprise of our glory days
I hate to turn up out of the blue, uninvited
But I couldn't stay away, I couldn't fight it
I had hoped you'd see my face
And that you'd be reminded that for me, it isn't over
Never mind, I'll find someone like you
I wish nothing but the best for you, too
Don't forget me, I beg
I remember you said
Sometimes it lasts in love, but sometimes it hurts instead
Nothing compares, no worries or cares
Regrets and mistakes, they're memories made
Who would have known how bittersweet this would taste?
Never mind, I'll find someone like you
I wish nothing but the best for you
Don't forget me, I beg
I remember you said
Sometimes it lasts in love, but sometimes it hurts instead
Never mind, I'll find someone like you
I wish nothing but the best for you, too
Don't forget me, I beg
I remember you said
Sometimes it lasts in love, but sometimes it hurts instead
Sometimes it lasts in love, but sometimes it hurts instead"
5,Adele,When We Were Young,,2015,"November 20, 2015","فارسی
العربية
Newly-returned pop icon Adele worked with songwriter Tobias Jesso Jr. and producer Ariel Rechtshaid on the “‘70s styled shimmery disco ballad” “When We Were Young,” the second single from her album 25. She…
Everybody loves the things you do
From the way you talk to the way you move
Everybody here is watching you
'Cause you feel like home,
you're like a dream come true
But, if by chance, you're here alone
Can I have a moment before I go?
'Cause I've been by myself all night long
Hoping you're someone I used to know
You look like a movie, you sound like a song
My God, this reminds me of when we were young
Let me photograph you in this light in case it is the last time
That we might be exactly like we were before we realised
We were sad of getting old, it made us restless
It was just like a movie, it was just like a song
I was so scared to face my fears
Nobody told me that you'd be here
And I swear you'd moved overseas
That's what you said when you left me
You still look like a movie, you still sound like a song
My God, this reminds me of when we were young
Let me photograph you in this light in case it is the last time
That we might be exactly like we were before we realised
We were sad of getting old, it made us restless
It was just like a movie, it was just like a song
(When we were young)
(When we were young)
(When we were young)
(When we were young)
It's hard to admit that (When we were young)
Everything just takes me back (When we were young)
To when you were there (When we were young)
To when you were there
And a part of me keeps holding on (When we were young)
Just in case it hasn't gone (When we were young)
I guess I still care (When we were young)
Do you still care?
It was just like a movie, it was just like a song
My God, this reminds me of when we were young
(When we were young)
(When we were young)
(When we were young)
(When we were young)
Let me photograph you in this light in case it is the last time
(When we were young, when we were young)
That we might be exactly like we were before we realised
(When we were young, when we were young)
We were sad of getting old, it made us restless
(When we were young, when we were young)
Oh, I'm so mad I'm getting old, it makes me reckless
(When we were young, when we were young)
It was just like a movie, it was just like a song
When we were young"
6,Adele,All I Ask,,2015,"November 20, 2015","“All I Ask” is a song by British singer-songwriter Adele, written about a potentially final escapade in a failing relationship. It was written in collaboration with Bruno Mars, Brody Brown and Philip Lawrence…
I will leave my heart at the door
I won't say a word
They've all been said before, you know
So why don't we just play pretend
Like we're not scared of what is coming next
Or scared of having nothing left?
Look, don't get me wrong
I know there is no tomorrow
All I ask is
If this is my last night with you
Hold me like I'm more than just a friend
Give me a memory I can use
Take me by the hand while we do
What lovers do
It matters how this ends
'Cause what if I never love again?
I don't need your honesty
It's already in your eyes
And I'm sure my eyes, they speak for me
No one knows me like you do
And since you're the only one that mattered
Tell me, who do I run to?
Look, don't get me wrong
I know there is no tomorrow
All I ask is
If this is my last night with you
Hold me like I'm more than just a friend
Give me a memory I can use
Take me by the hand while we do
What lovers do
It matters how this ends
'Cause what if I never love again?
Let this be our lesson in love
Let this be the way we remember us
I don't want to be cruel or vicious
And I ain't asking for forgiveness
All I ask is
If this is my last night with you
Hold me like I'm more than just a friend
Give me a memory I can use
Take me by the hand while we do
What lovers do
It matters how this ends
'Cause what if I never love again?"
7,Adele,Skyfall,,2012,"October 5, 2012","العربية
Türkçe
“Skyfall” is the theme song for the twenty-third James Bond film of the same name.
In 2013, “Skyfall” won “Best Original Song” at the 70th Golden Globes and then Best Original Song at the 85th Academy…
This is the end
Hold your breath and count to ten
Feel the Earth move, and then
Hear my heart burst again
For this is the end
I've drowned and dreamt this moment
So overdue, I owe them
Swept away, I'm stolen
Let the sky fall
When it crumbles
We will stand tall
Face it all together
Let the sky fall
When it crumbles
We will stand tall
Face it all together at Skyfall
At Skyfall
Skyfall is where we start
A thousand miles and poles apart
Where worlds collide and days are dark
You may have my number, you can take my name
But you'll never have my heart
Let the sky fall (Let the sky fall)
When it crumbles (When it crumbles)
We will stand tall (We will stand tall)
Face it all together
Let the sky fall (Let the sky fall)
When it crumbles (When it crumbles)
We will stand tall (We will stand tall)
Face it all together at Skyfall
Let the sky fall
When it crumbles
We will stand tall
Let the sky fall
When it crumbles
We will stand tall
Where you go I go
What you see I see
I know I'd never be me without the security
Of your loving arms keeping me from harm
Put your hand in my hand and we'll stand
Let the sky fall (Let the sky fall)
When it crumbles (When it crumbles)
We will stand tall (We will stand tall)
Face it all together
Let the sky fall (Let the sky fall)
When it crumbles (When it crumbles)
We will stand tall (We will stand tall)
Face it all together at Skyfall
Let the sky fall
We will stand tall
At Skyfall
Ooh"
8,Adele,Send My Love (To Your New Lover),,2015,"November 20, 2015","Türkçe
Adele wrote “Send My Love (To Your New Lover)” in collaboration with Max Martin and Shellback for her third album 25.
Adele played guitar on the record, and it was this riff that began the song. She told the…
Just the guitar, okay, cool
This was all you, none of it me
You put your hands on, on my body and told me, mmm
You told me you were ready
For the big one, for the big jump
I'd be your last love, everlasting, you and me, mmm
That was what you told me
I'm giving you up
I've forgiven it all
You set me free
Send my love to your new lover
Treat her better
We've gotta let go of all of our ghosts
We both know we ain't kids no more
Send my love to your new lover
Treat her better
We've gotta let go of all of our ghosts
We both know we ain't kids no more
I was too strong, you were trembling
You couldn't handle the hot heat rising (Rising), mmm
Baby, I'm still rising
I was running, you were walking
You couldn't keep up, you were falling down (Down), mmm
There's only one way down
I'm giving you up
I've forgiven it all
You set me free, oh
Send my love to your new lover
Treat her better
We've gotta let go of all of our ghosts
We both know we ain't kids no more
Send my love to your new lover
Treat her better
We've gotta let go of all of our ghosts
We both know we ain't kids no more
If you're ready, if you're ready
If you're ready, I am ready
If you're ready, if you're ready
We both know we ain't kids no more
No, we ain't kids no more
I'm giving you up
I've forgiven it all
You set me free
Send my love to your new lover
Treat her better
We've gotta let go of all of our ghosts
We both know we ain't kids no more
Send my love to your new lover
Treat her better
We've gotta let go of all of our ghosts
We both know we ain't kids no more
If you're ready, if you're ready
(Send my love to your new lover)
If you're ready, are you ready?
(Treat her better)
We've gotta let go of all of our ghosts
We both know we ain't kids no more
If you're ready, if you're ready
(Send my love to your new lover)
If you're ready, are you ready?
(Treat her better)
We've gotta let go of all of our ghosts
We both know we ain't kids no more"
9,Adele,To Be Loved,,2021,"November 19, 2021","Türkçe
فارسی
srpski
“To Be Loved” is the penultimate track on British singer Adele’s new album, 30. Instrumentally, the song is a simple, slow piano ballad with a BPM of 103.
Lyrically, the ballad piano track describes how the…
I built a house for a love to grow
I was so young that it was hard to know
I'm as lost now as I was back then
Always make a mess of everything
It's about time that I face myself
All I do is bleed into someone else
Painting walls with all my secret tears
Filling rooms with all my hopes and fears
But, oh my
Oh my
I'll never learn if I never leap
I'll always yearn if I never speak
To be loved and love at the highest count
Means to lose all the things I can't live without
Let it be known that I will choose to lose
It's a sacrifice, but I can't live a lie
Let it be known, let it be known that I tried
I'm so afraid, but I'm open wide
I'll be the one to catch myself this time
Tryna learn to lean into it all
Ain't it funny how the mighty fall?
Looking back, I don't regret a thing
Yeah, I took some bad turns that I am owning
I'll stand still and let the storm pass by
Keep my heart safe till the time feels right
But, oh my
Oh my
I'll never learn if I never leap
I'll always yearn if I never speak
To be loved and love at the highest count
Means to lose all the things I can't live without
Let it be known that I will choose to lose
It's a sacrifice, but I can't live a lie
Let it be known
Let it be known that I cried for you
Even started lying to you
What a thing to do
All because I wanted
To be loved and love at the highest count
Means to lose all the things I can't live without
Let it be known, known, known
That I will choose, I will lose
It's a sacrifice, but I can't live a lie
Let it be known
Let it be known that I tried, that I tried
Let it be known that I tried"
10,Adele,Make You Feel My Love,,2008,"October 27, 2008","Bob Dylan’s “Make You Feel My Love” is performed by Adele on her debut  19. Despite being the only cover (and the only album track she didn’t write), it’s her favourite song on the album.
In January 2013…
When the rain is blowing in your face
And the whole world is on your case
I could offer you a warm embrace
To make you feel my love
When the evening shadows and the stars appear
And there is no one there to dry your tears
I could hold you for a million years
To make you feel my love
I know you haven't made your mind up yet
But I will never do you wrong
I've known it from the moment that we met
No doubt in my mind where you belong
I'd go hungry, I'd go black and blue
I'd go crawling down the avenue
No, there's nothing that I wouldn't do
To make you feel my love
The storms are raging on the rollin' sea
And on the highway of regret
The winds of change are blowing wild and free
You ain't seen nothing like me yet
I could make you happy, make your dreams come true
Nothing that I wouldn't do
Go to the ends of the earth for you
To make you feel my love
To make you feel my love"
11,Adele,Chasing Pavements,,2008,"January 14, 2008","Dansk
On “Chasing Pavements”, Adele wonders whether or not to try and pursue a relationship with the man of her dreams. It actually caused a bit of controversy in the States because people thought “chasing…
I've made up my mind
Don't need to think it over
If I'm wrong, I am right
Don't need to look no further
This ain't lust, I know this is love, but
If I tell the world, I'll never say enough
'Cause it was not said to you
And that's exactly what I need to do if I end up with you
Should I give up or should I just keep chasing pavements
Even if it leads nowhere?
Or would it be a waste, even if I knew my place?
Should I leave it there?
Should I give up or should I just keep chasing pavements
Even if it leads nowhere?
I build myself up and fly around in circles
Waiting as my heart drops
And my back begins to tingle
Finally, could this be it, or?
Should I give up or should I just keep chasing pavements
Even if it leads nowhere?
Or would it be a waste, even if I knew my place?
Should I leave it there?
Should I give up or should I just keep chasing pavements
Even if it leads nowhere? Yeah
Should I give up or should I just keep chasing pavements
Even if it leads nowhere?
Or would it be a waste, even if I knew my place?
Should I leave it there?
Should I give up or should I just keep on chasing pavements?
Should I just keep on chasing pavements?
Oh-oh
Should I give up or should I just keep chasing pavements
Even if it leads nowhere?
Or would it be a waste, even if I knew my place?
Should I leave it there?
Should I give up or should I just keep chasing pavements
Even if it leads nowhere?"
12,Adele,Love in the Dark,,2015,"November 20, 2015","فارسی
Many might assume that “Love In The Dark” is yet another ode to the relationship that most of 21 is based on, however, it’s far more likely that this is based on the rebound relationship she fell into before…
Take your eyes off of me so I can leave
I'm far too ashamed to do it with you watching me
This is never-endin', we have been here before
But I can't stay this time 'cause I don't love you anymore
Please, stay where you are
Don't come any closer
Don't try to change my mind
I'm being cruel to be kind
I can't love you in the dark
It feels like we're oceans apart
There is so much space between us
Baby, we're already defeated
Ah-yeah-yeah-yeah-yeah-yeah-yeah-yeah
Everything changed me
You have given me something that I can't live without
You mustn't underestimate that when you are in doubt
But I don't want to carry on like everything is fine
The longer we ignore it all, the more that we will fight
Please, don't fall apart
I can't face your breaking heart
I'm trying to be brave
Stop asking me to stay
I can't love you in the dark
It feels like we're oceans apart
There is so much space between us
Baby, we're already defeated
Ah-yeah-yeah-yeah-yeah-yeah-yeah-yeah
Everything changed me
We're not the only ones, I don't regret a thing
Every word I've said, you know I'll always mean
It is the world to me that you are in my life
But I want to live and not just survive
That's why I can't love you in the dark
It feels like we're oceans apart
There is so much space between us
Baby, we're already defeated
'Cause ah-yeah-yeah-yeah-yeah-yeah
Everything changed me
And I-I-I-I-I don't think you can save me"
13,Adele,Water Under the Bridge,,2015,"November 20, 2015","While the title of this songs sets up the expectation that it’s about a relationship that’s over, the opposite is actually the case. Adele confirmed in her Rolling Stone cover story that it’s about her…
If you're not the one for me
Then how come I can bring you to your knees?
If you're not the one for me
Why do I hate the idea of being free?
And if I'm not the one for you
You've gotta stop holdin' me the way you do
Oh, honey, if I'm not the one for you
Why have we been through what we have been through?
It's so cold out here (Here, here, here)
In your wilderness (Eh, eh, eh)
I want you to be my keeper (Eh, eh, eh)
But not if you are so reckless
If you're gonna let me down, let me down gently
Don't pretend that you don't want me
Our love ain't water under the bridge
If you're gonna let me down, let me down gently
Don't pretend that you don't want me
Our love ain't water under the bridge
Whoa
Say that our love ain't water under the bridge
What are you waiting for?
You never seem to make it through the door
And who are you hiding from?
It ain't no life to live like you're on the run
Have I ever asked for much?
The only thing that I want is your love
If you're gonna let me down, let me down gently
Don't pretend that you don't want me
Our love ain't water under the bridge
If you're gonna let me down, let me down gently
Don't pretend that you don't want me
Our love ain't water under the bridge
Whoa
Say that our love ain't water under the bridge
It's so cold (Here, here, here)
In your wilderness (Eh, eh, eh)
I want you to be my keeper (Eh, eh, eh)
But not if you are so reckless (Ooh)
If you're gonna let me down, let me down gently
Don't pretend that you don't want me
Our love ain't water under the bridge
If you're gonna let me down, let me down gently
Don't pretend that you don't want me
Our love ain't water under the bridge
Whoa (Say it ain't so, say it ain't so)
(Say it ain't so, say it ain't so)
Say that our love ain't water under the bridge (Say it ain't so, say it ain't so)
(Say it ain't so, say it ain't so)
Whoa (Say it ain't so, say it ain't so)
(Say it ain't so, say it ain't so)
Say that our love ain't water under the bridge (Say it ain't so, say it ain't so)
(Say it ain't so, say it ain't so)
Say that our love ain't water under the bridge"
14,Adele,I Drink Wine,,2021,"November 19, 2021","Türkçe
srpski
فارسی
In her interview with Rolling Stone magazine, “I Drink Wine” was described by Adele as a song about shedding one’s ego, complete with a bit of a Seventies Elton John and Bernie Taupin flair, sharing:
I took…
How can one become so bounded by choices that somebody else makes?
How come we've both become a version of a person we don't even like?
We're in love with the world, but the world just wants to bring us down
By puttin' ideas in our heads that corrupt our hearts somehow
When I was a child, every single thing could blow my mind
Soaking it all up for fun, but now I only soak up wine
They say to play hard, you work hard, find balance in the sacrifice
And yet I don't know anybody who's truly satisfied
You better believe I'm tryin' (Tryin', tryin')
To keep climbin' (Climbin', climbin')
But the higher we climb feels like we're both none the wiser
So I hope I learn to get over myself
Stop tryin' to be somebody else
So we can love each other for free
Everybody wants somethin', you just want me
Why am I obsessin' about the things I can't control?
Why am I seekin' approval from people I don't even know?
In these crazy times, I hope to find somethin' I can cling on to
'Cause I need some substance in my life, somethin' real, somethin' that feels true
You better believe for you, I've cried (I've cried, I've cried)
High tides (High tides, high tides)
'Cause I want you so bad, but you can't fight fire with fire, oh
So I hope I learn to get over myself
Stop tryin' to be somebody else
Oh, I just want to love you, love you for free
Everybody wants somethin' from me, you just want me
Listen, I know how low I can go, I give as good as I get
You get the brunt of it all 'cause you're all I've got left
Oh, I hope in time (Hope in time)
We both will find peace of mind (We both find)
Sometimes, the road less travelled is a road best left behind
Well, I hope I learn to get over myself
Stop tryin' to be somebody else
Oh, I just want to love you, love you for free, yeah
'Cause everybody wants somethin' from me, you just want me
You better believe I'm tryin' (Tryin', tryin')
To keep climbin' (Climbin', climbin')
But the higher we climb, feels like we're both none the wiser
The only regret I have
I wish that it was just at a different time
A most turbulent period of my life
Why would I put that on you?
That's just, like, a very heavy thing to have to talk about
But because of that period of time
Even though it was so much fun
I didn't get to go on and make new memories with him
There was just memories in a big storm"
15,Adele,My Little Love,,2021,"November 19, 2021","Türkçe
Adele - My Little Love (แปลภาษาไทย)
srpski
Filipino
فارسی
Tiếng Việt
In Adele’s cover story interview for the November 2021 issue of Vogue (US), interviewer Abby Aguirre previewed “My Little Love” and described it as having a “sexy ’70s groove” and “heavy strings”. Featured in…
My little love
I see your eyes widen like an ocean
When you look at me so full of my emotions
I'm findin' it hard to be here sincerely
I know you feel lost, it's my fault completely
[Bridge: Adele &
Angelo Adkins
Tell me you love me
I love you a million percent
I don't recognise myself in the coldness of the daylight
So I ain't surprised you can read through all of my lies
I feel so bad to be here when I'm so guilty
I'm so far gone and you're the only one who can save mе
[Bridge: Angelo Adkins &
Adele
Oi, I feel like you don't love me
Why do you feel likе that?
Do you like me?
You know mummy doesn't like anyone else like I like you, right?
I'm holdin' on (Barely)
Mama's got a lot to learn (It's heavy)
I'm holdin' on (Catch me)
Mama's got a lot to learn (Teach me)
[Bridge: Adele &
Angelo Adkins
Mummy's been having a lot of big feelings recently
Like how?
Just, like, hang on, my fingers are trapped
Like, um, I feel a bit confused
Why?
I don't know
And I feel like I don't really know what I'm doing
Oh, at all?
At all
And that would make me go...
My little love
Tell me, do you feel the way my past aches?
When you lay on me, can you hear the way my heart breaks?
I wanted you to have everything I never had
I'm so sorry if what I've done makes you feel sad
[Bridge: Adele &
Angelo Adkins
I love your dad 'cause he gave you to me
You're half me and you're half daddy
I'm holdin' on (Barely)
Mama's got a lot to learn (It's heavy)
I'm holdin' on (Catch me)
Mama's got a lot to learn (Teach me)
I'm having a bad day, I'm having a very anxious day
I feel very paranoid, I feel very stressed
Um, I have a hangover, which never helps, but
I feel like today is the first day since I left him that I feel lonely
And I never feel lonely, I love being on my own
I always preferred being on my own than being with people
And I feel like maybe I've been, like, overcompensating
And being out and stuff like that to keep my mind off of him
And I feel like today, I'm home and I wanna be at home
I just wanna watch TV and curl up in a ball and
Be in my sweats and stuff like that, but I just feel really lonely
I feel a bit frightened that I might feel like this a lot"
16,Adele,Hold On,,2021,"November 19, 2021","Türkçe
Adele - Hold On (แปลภาษาไทย)
فارسی
srpski
In Adele’s cover story interview for the November 2021 issue of Vogue (US), interviewer Abby Aguirre previewed “Hold On” from Adele’s upcoming 30 album. The track was described by Aquirre as “a joyous anthem”…
Hold on
You are still strong
Love will soon come
Just hold, hold on
Oh, what have I done yet again?
Have I not learned anything?
I don't want to live in chaos
It's like a ride that I want to get off
It's hard to hold on to who I am
When I'm stumblin' in the dark for a hand
I am so tired of battling with myself, with no chance to win
(Hold on)
Let time be patient
(You are still strong)
Let pain be gracious
(Love will soon come)
Just hold, hold on
I swear to God, I am such a mess
The harder that I try, I regress
I'm my own worst enemy
Right now, I truly hate bein' me
Every day feels like the road I'm on
Might just open up and swallow me whole
How do I feel so mighty small
When I'm struggling to feel at all?
Just hold on (Hold on)
Let time be patient
You are still strong (You are still strong)
Let pain be gracious (Love will soon come)
Just hold on (You, just hold on, you, just hold on)
Hold on (You, just hold on, just hold on)
Sometimes, loneliness is the only rest we get
(Just hold on, just hold on)
And the emptiness actually lets us forget
(Just hold on, just hold on)
Sometimes, forgiveness is easiest in secret
(Just hold on, just hold on, just hold on, just hold on)
So just hold on, ooh
Let time be patient and (You are still strong)
Let pain be gracious
Love will soon come, baby
If you just hold on
Hold on, hold on, hold on, hold on (Hold on)
Just let time be patient
'Cause you're still strong, you're still strong (You are still strong)
Just be gracious
Love will soon come
If you just hold on
(You, just hold on, you, just hold on)
Just be patient, just be patient (You, just hold on, you, just hold on)
(You, just hold on, you, just hold on, you, just hold on)
(Just hold on, just hold on)"
17,Adele,Oh My God,,2021,"November 19, 2021","Türkçe
Filipino
فارسی
srpski
“Oh My God” explores Adele wanting to put herself first but having internal conflicts about it. Following the previous track, “Oh My God” finds Adele taking control of her life after a depressive episode in…
I ain't got too much time to spare
But I'll make time for you to show how much I care
Wish that I would let you break my walls
But I'm still spinning out of control from the fall
Boy, you give good love, I won't lie
It's what keeps me comin' back even though I'm terrified
I know that it's wrong
But I want to have fun
Mmm, yeah, mmm, yeah
I know that it's wrong
But I want to have fun
Mmm, yeah, mmm, yeah
Oh, my God, I can't believe it
Out of all the people in the world
What is the likelihood of jumping
Out of my life and into your arms?
Maybe, baby, I'm just losing my mind
'Cause this is trouble, but it feels right
Teetering on the edge of Heaven and Hell
Is a battle that I cannot fight
I'm a fool, but they all think I'm blind
I'd rather be a fool than leave myself behind
I don't have to explain myself to you
I am a grown woman and I do what I want to do
I know that it's wrong
But I want to have fun
Mmm, yeah, mmm, yeah
I know that it's wrong
But I want to have fun
Mmm, yeah, mmm, yeah
Oh, my God, I can't believe it
Out of all the people in the world
What is the likelihood of jumping
Out of my life and into your arms?
Maybe, baby, I'm just losing my mind
'Cause this is trouble, but it feels right
Teetering on the edge of Heaven and Hell
Is a battle that I cannot fight
""Lord, don't let me,"" I said, ""Lord, don't let me""
I said, ""Lord, don't let me, let me down"" (Oh, Lord)
""Lord, don't let me,"" I said, ""Lord, don't let me""
I said, ""Lord, don't let me, let me down"" (Don't let me let myself down)
""Lord, don't let me,"" I said, ""Lord, don't let me""
I said, ""Lord, don't let me, let me down"" (Oh, my God)
""Lord, don't let me,"" I said, ""Lord, don't let me""
I said, ""Lord, don't let me, let me down"" (Oh, oh-oh-oh, oh-oh-oh)
Oh, my God, I can't believe it
Out of all the people in the world
What is the likelihood of jumping
Out of my life and into your arms?
Maybe, baby, I'm just losing my mind
'Cause this is trouble, but it feels right
Teetering on the edge of Heaven and Hell
When it's a battle that I cannot fight
""Lord, don't let me,"" I said, ""Lord, don't let me""
I said, ""Lord, don't let me, let me down"" (I know that it's wrong, but I want to have fun)
""Lord, don't let me,"" I said, ""Lord, don't let me""
I said, ""Lord, don't let me, let me down"" (Mmm, yeah, mmm, yeah)
""Lord, don't let me,"" I said, ""Lord, don't let me""
I said, ""Lord, don't let me, let me down"" (I know that it's wrong, but I want to have fun)
""Lord, don't let me,"" I said, ""Lord, don't let me""
I said, ""Lord, don't let me, let me down"" (Mmm, yeah, mmm, yeah)"
18,Adele,Million Years Ago,,2015,"November 20, 2015","“Million Years Ago” is a song by English singer-songwriter Adele. It’s written by Adele in collaboration with Greg Kurstin and uses the melody from the song “Phantom of the Opera.”
Adele wrote the song after…
I only wanted to have fun
Learning to fly, learning to run
I let my heart decide the way
When I was young
Deep down, I must have always known
That this would be inevitable
To earn my stripes, I'd have to pay
And bare my soul
I know I'm not the only one
Who regrets the things they've done
Sometimes, I just feel it's only me
Who can't stand the reflection that they see
I wish I could live a little more
Look up to the sky, not just the floor
I feel like my life is flashing by
And all I can do is watch and cry
I miss the air, I miss my friends
I miss my mother, I miss it when
Life was a party to be thrown
But that was a million years ago
When I walk around all of the streets
Where I grew up and found my feet
They can't look me in the eye
It's like they're scared of me
I try to think of things to say
Like a joke or a memory
But they don't recognize me now
In the light of day
I know I'm not the only one
Who regrets the things they've done
Sometimes, I just feel it's only me
Who never became who they thought they'd be
I wish I could live a little more
Look up to the sky, not just the floor
I feel like my life is flashing by
And all I can do is watch and cry
I miss the air, I miss my friends
I miss my mother, I miss it when
Life was a party to be thrown
But that was a million years ago
A million years ago"
19,Adele,Turning Tables,,2011,"January 24, 2011","In “Turning Tables”, Adele vows she will never fall victim to her ex’s mistreatment again over a dramatic piano backing. It’s one of the many songs on 21 where the production and vocals seamlessly mold…
Close enough to start a war
All that I have is on the floor
God only knows what we're fighting for
All that I say, you always say more
I can't keep up with your turning tables
Under your thumb, I can't breathe
So I won't let you close enough to hurt me
No, I won't rescue you to just desert me
I can't give you the heart you think you gave me
It's time to say goodbye to turning tables
To turning tables
Under haunted skies, I see you, ooh
Where love is lost, your ghost is found
I braved a hundred storms to leave you
As hard as you try, no, I will never be knocked down
I can't keep up with your turning tables
Under your thumb, I can't breathe
So I won't let you close enough to hurt me
No, I won't rescue you to just desert me
I can't give you the heart you think you gave me
It's time to say goodbye to turning tables
Turning tables
Next time, I'll be braver
I'll be my own saviour
When the thunder calls for me
Next time, I'll be braver
I'll be my own saviour
Standing on my own two feet
I won't let you close enough to hurt me
No, I won't rescue you to just desert me
I can't give you the heart you think you gave me
It's time to say goodbye to turning tables
To turning tables
Turning tables, yeah
Turn, no, no-oh, mmm"
20,Adele,I Miss You,,2015,"November 20, 2015","“I Miss You” is the third track on 25 and fifth collaboration between Adele and Paul Epworth, having previously collaborated on “Rolling in the Deep”, “I’ll Be Waiting”, “He Won’t Go” and the James Bond theme…
I want every single piece of you
I want your heaven and your oceans too
Treat me soft but touch me cruel
I wanna teach you things you never knew, baby
Bring the floor up to my knees
Let me fall into your gravity
Then kiss me back to life to see
Your body standing over me
Baby, don't let the lights go down
Baby, don't let the lights go down
Baby, don't let the lights go down
Lights go down, lights go down
Lights go down, lights go down
Down, down, down
I miss you when the lights go out
It illuminates all of my doubts
Pull me in, hold me tight, don't let go
Baby, give me light
I miss you when the lights go out
It illuminates all of my doubts
Pull me in, hold me tight, don't let go
Baby, give me light
I love the way your body moves
Towards me from across the room
Brushing past my every groove
No one has me like you do, baby
Bring your heart, I'll bring my soul
But be delicate with my ego
I wanna step into your great unknown
With you and me setting the tone
Baby, don't let the lights go down
Baby, don't let the lights go down
Baby, don't let the lights go down
Lights go down, lights go down
Lights go down, lights go down
Down, down, down
I miss you when the lights go out
It illuminates all of my doubts
Pull me in, hold me tight, don't let go
Baby, give me light
I miss you when the lights go out
It illuminates all of my doubts
Pull me in, hold me tight, don't let go
Baby, give me light
We play so dirty in the dark
'Cause we are living worlds apart
It only makes it harder, baby
It only makes it harder, baby
Harder, baby, harder, baby
I miss you when the lights go out
It illuminates all of my doubts
Pull me in, hold me tight, don't let go
Baby, give me light
I miss you when the lights go out
It illuminates all of my doubts
Pull me in, hold me tight, don't let go
Baby, give me light
I miss you, I miss you
I miss you, I miss you
I miss you, I miss you
I miss you, I miss you"
21,Adele,Hometown Glory,,2007,"October 22, 2007","Українська
“Hometown Glory” is Adele’s debut single, released on October 22, 2007. It is also the final track on her first album, 19. An understated love song to her hometown of West Norwood, South London, the singer…
I've been walking in the same way as I did
Missing out the cracks in the pavement
And tutting my heel and strutting my feet
""Is there anything I can do for you, dear?""
""Is there anyone I could call?""
""No and thank you, please madame
I ain't lost, just wandering""
Round my hometown
Memories are fresh
Round my hometown
Ooh, the people I've met
Are the wonders of my world
Are the wonders of my world
Are the wonders of this world
Are the wonders now
I like it in the city
When the air is so thick and opaque
I love it to see everybody in short skirts, shorts and shades
I like it in the city when two worlds collide
You get the people and the government
Everybody taking different sides
Shows that we ain't gonna stand shit
Shows that we are united
Shows that we ain't gonna take it
Shows that we ain't gonna stand shit
Shows that we are united
Round my hometown
Memories are fresh
Round my hometown
Ooh, the people I've met, yeah
Doo-da-da-da-da-da-da-da-dah, yeah
Doo-da-da-da-da-da-da-da-dah, yeah
Doo-doo-doo-doo ooh-ooh yeah
Yeah, yeah-ey
Are the wonders of my world
Are the wonders of my world
Are the wonders of this world
Are the wonders of my world
Of my world
Yeah, of my world
Of my world, yeah"
22,Adele,Strangers By Nature,,2021,"November 19, 2021","Українська
Türkçe
ไทย (Thai)
srpski
فارسی
Tiếng Việt
“Strangers By Nature” is a homage to Judy Garland and opens with Adele taking flowers to the cemetery of her own heart and wondering if she’ll ever learn “to nurture what I’ve done.” She co-wrote the song…
I'll be taking flowers to the cemetery of my heart
For all of my lovers in the present and in the dark
Every anniversary, I'll pay respects and say I'm sorry
For they never stood a chance as if they could
When no one knows what it's like to be us
I've never seen the sky this colour before
It's like I'm noticin' everythin' a little bit more
Now that all the dust has settled
I rebut all my rebuttals
No one knows what it's likе to be us
Strangers by nature
Strangеrs by nature
Will I ever get there?
Oh, I hope that someday I'll learn
To nurture what I've done
Ooh-ooh, ooh
Ooh-ooh-ooh-ooh
Ooh-ooh-ooh-ooh
Ooh-ooh-ooh
Ooh-ooh
Alright then, I'm ready"
23,Adele,Love Is A Game,,2021,"November 19, 2021","Türkçe
Adele - Love Is A Game (แปลภาษาไทย)
srpski
فارسی
All your expectations of my love are impossible
Surely, you know that I'm not easy to hold
It's so sad how incapable of learning to grow I am
My heart speaks in puzzle and codes
I've been trying my whole life to solve
God only knows how I've cried
I can't take another defeat
A next time would be the ending of me
Now that I see
That love is a game for fools to play
And I ain't fooling (Fooling), what a cruel thing (Cruel thing)
To self-inflict that pain
Love is a game for fools to play
And I ain't fooling again (Fooling), what a cruel thing (Cruel thing)
To self-inflict that pain
How unbelievable (Unbelievable)
Of me to fall for the lies that I tell (Lies I tell)
The dream that I sell (Dream I sell)
When heartache, it's inevitable (And unbearable)
But I'm no good at doing it well
Not that I care (I don't care)
Why should anything about it be fair?
When love is a game for fools to play
And I ain't fooling (Fooling), what a cruel thing (Cruel thing)
To self-inflict that pain
Love is a game for fools to play
And I ain't fooling again (Fooling), what a cruel thing (Cruel thing)
To self-inflict that pain
No amount of love
Can keep me satisfied (Satisfied, satisfied)
I can't keep up (Can't keep up, can't keep up)
When I keep changing my mind (Change my mind, change my mind)
The feelings flood me to the heights of no compromise
Love is a game for fools to play
And I ain't fooling (Fooling), what a cruel thing (Cruel thing)
To self-inflict that pain
Love is a game for fools to play
And I ain't fooling (Fooling), what a cruel thing (Cruel thing)
To self-inflict that pain
Oh, you know I'd do it all again
I love it now like I loved it then
I'm a fool for them
You know I'm, you know I'm gonna do it, oh
I'll do it all again like I did then"
24,Adele,One and Only,,2011,"January 24, 2011","In this uptempo, bluesy ballad, Adele croons to a crush and asks them to be with her. It comes in as the ninth track on 21, her super-popular second album.
Although crush songs are certainly a staple on 19…
You've been on my mind
I grow fonder every day
Lose myself in time
Just thinking of your face
God only knows
Why it's taken me so long
To let my doubts go
You're the only one that I want
I don't know why I'm scared
I've been here before
Every feeling, every word
I've imagined it all
You'll never know if you never try
To forgive your past and simply be mine
I dare you to let me be your
Your one and only
Promise I'm worthy
To hold in your arms
So come on and give me the chance
To prove I am the one who can
Walk that mile
Until the end starts
Have I been on your mind?
You hang on every word I say
Lose yourself in time
At the mention of my name?
Will I ever know
How it feels to hold you close?
And have you tell me
Whichever road I choose, you'll go
I don't know why I'm scared
'Cause I've been here before
Every feeling, every word
I've imagined it all
You'll never know if you never try
To forgive your past and simply be mine
I dare you to let me be your
Your one and only
I promise I'm worthy, mmm
To hold in your arms
So come on and give me the chance
To prove I am the one who can
Walk that mile
Until the end starts
I know it ain't easy giving up your heart
I know it ain't easy giving up your heart
(Nobody's perfect, trust me I've learned it) I know it ain't easy giving up your heart
(Nobody's perfect, trust me I've learned it) I know it ain't easy giving up your heart
(Nobody's perfect, trust me I've learned it) I know it ain't easy giving up your heart
(Nobody's perfect, trust me I've learned it) I know it ain't easy giving up your heart
So, I dare you to let me be your
Your one and only
I promise I'm worthy
To hold in your arms
So come on and give me the chance
To prove I am the one who can
Walk that mile
Until the end starts
Come on and give me the chance
To prove I am the one who can
Walk that mile
Until the end starts"
25,Adele,Remedy,,2015,"November 20, 2015","“Remedy” was one of the early songs Adele worked on for 25, and she wrote it about her son, Angelo, as well as for other people she loves in her life. “I wrote it about my child,” she said to Rolling Stone.…
I remember all of the things that I thought I wanted to be
So desperate to find a way out of my world and finally breathe
Right before my eyes, I saw my heart, it came to life
This ain't easy, it's not meant to be, every story has its scars
But when the pain cuts you deep
When the night keeps you from sleeping
Just look and you will see
That I will be your remedy
When the world seems so cruel
And your heart makes you feel like a fool
I promise you will see
That I will be, I will be your remedy
No river is too wide or too deep for me to swim to you
Come whatever, I'll be the shelter that won't let the rain come through
Your love, it is my truth, and I will always love you
Love you, oh
When the pain cuts you deep
When the night keeps you from sleeping
Just look and you will see
That I will be your remedy
When the world seems so cruel
And your heart makes you feel like a fool
I promise you will see
That I will be, I will be your remedy
Oh, oh, when the pain cuts you deep
When the night keeps you from sleeping
Just look and you will see
That I will be, I will be
When the world seems so cruel
And your heart makes you feel like a fool
I promise you will see
That I will be, I will be
I will be your remedy
Mmm, mmm"
26,Adele,Woman Like Me,,2021,"November 19, 2021","srpski
Türkçe
Adele - Woman Like Me (แปลภาษาไทย)
فارسی
A diss song through and through “Woman Like Me” jumps toward the end of Adele’s relationship. It finds Adele chiding her ex for being complacent, lazy, and insecure, wasting the potential of their…
You're driving me away, give me a reason to stay
I want to be lost in you, but not in this way
Don’t think you quite understand who you have on your hands
How can you not see just how good for you I am?
I know that you've been hurt before
That's why you feel so insecure
I begged you to let me in ’cause I only want to be the cure
If you don't choose to grow, we ain't ever gonna know
Just how good this could be
I really hoped that this would go somewhere
Complacency is the worst trait to have, are you crazy?
You ain't never had, ain't never had a woman like me
It is so sad a man likе you could be so lazy
Consistency is the gift to givе for free and it is key
To ever keep, to ever keep a woman like me
All you do is complain about decisions you make
How can I help lift you if you refuse to activate the life that you truly want?
I know it's hard, but it's not
We come from the same place, but you will never give it up
It's where they make you feel powerful
That’s why you think I make you feel small
But that’s your projection, it's not my rejection
I put my heart on the line for the very first time
Because you asked me to and now you’ve gone and changed your mind
But lovin' you was a breakthrough
I saw what my heart can really do
Now some other man will get the love I had for you
'Cause you don't care, oh
Complacency is the worst trait to have, are you crazy?
You ain’t never had, ain't never had a woman like me
It is so sad a man like you could be so lazy
Consistency is the gift to give for free and it is key
To ever keep, to ever keep a woman like me
A woman like me (One more time)
Complacency (Woman like me), is the worst trait to have (Woman like me)
Are you crazy? (Woman like me)
You ain't never had, ain't never had a woman like me (Woman like me)
It is so sad a man like you could be so lazy (Woman like me)
Consistency (Woman like me), is the gift to give for free and it is key"
27,Adele,Rumour Has It,,2011,"January 24, 2011","“Rumour Has It” was written by Adele and Ryan Tedder. It became her fourth consecutive top twenty in the US, peaking at #16.
“Rumour Has It” is unlike most songs on Adele’s 21: it’s a…
Ooh, ooh, ooh, ooh
She, she ain't real
She ain't gon' be able to love you like I will
She is a stranger
You and I have history, or don't you remember?
Sure, she's got it all
But baby, is that really what you want?
Bless your soul, you've got your head in the clouds
She made a fool out of you and, boy, she's bringin' you down
She made your heart melt, but you're cold to the core
Now rumour has it, she ain't got your love anymore
Rumour has it (Rumour)
Rumour has it (Rumour)
Rumour has it (Rumour)
Rumour has it (Rumour)
Rumour has it (Rumour)
Rumour has it (Rumour)
Rumour has it (Rumour)
Rumour has it (Rumour)
She is half your age
But I'm guessin' that's the reason that you strayed
I heard you've been missin' me
You've been tellin' people things you shouldn't be
Like when we creep out when she ain't around
Haven't you heard the rumours? (Bless your soul)
Bless your soul, you've got your head in the clouds
You made a fool out of me and, boy, you're bringin' me down
You made my heart melt, yet I'm cold to the core
But rumour has it, I'm the one you're leaving her for
Rumour has it (Rumour)
Rumour has it (Rumour)
Rumour has it (Rumour)
Rumour has it (Rumour)
Rumour has it (Rumour)
Rumour has it (Rumour)
Rumour has it (Rumour)
Rumour has it (Rumour)
All of these words whispered in my ear
Tell a story that I cannot bear to hear
Just 'cause I said it, it don't mean that I meant it
People say crazy things
Just 'cause I said it, don't mean that I meant it
Just 'cause you heard it
Rumour has it (Rumour)
Rumour has it (Rumour)
Rumour has it (Rumour)
Rumour has it (Rumour)
Rumour has it (Rumour)
Rumour has it (Rumour)
Rumour has it (Rumour)
Rumour has it (Rumour, rumour)
Rumour has it (Rumour)
Rumour has it (Rumour)
Rumour has it (Rumour)
Rumour has it (Rumour)
Rumour has it (Rumour)
Rumour has it
But rumour has it, he's the one I'm leaving you for"
28,Adele,Cry Your Heart Out,,2021,"November 19, 2021","Türkçe
Filipino
srpski
“Cry Your Heart Out” is a crisp Motown-gone-reggae track with whimsical vocal effects and ad-libs. Disguised as an upbeat-pop track, “Cry Your Heart Out” is about depression.
In her interview with Zane Lowe…
Cry your heart out, it'll clean your face
When you're in doubt, go at your own pace
Cry your heart out, it'll clean your face
When you're in doubt, go at your own pace
When I walk in a room, I'm invisible, I feel like a ghost
All my friends keep on tellin' me that this feeling won't last, mmm
I can't get no relief, I'm so tired of myself, I swear I'm dead in the eyes
I have nothin' to feel no more, I can't even cry
When will I begin to feel like me again?
I'm hanging by a thread
My skin's paper-thin, I can't stop wavering
I've never been more scared
Cry your heart out, it'll clean your face
When you're in doubt, go at your own pace
Cry your heart out, it'll clean your face
When you're in doubt, go at your own pace
When I wake up, I'm afraid of the idea of facin' the day
I would rather stay home on my own, drink it all away
Please stop callin' me, it's exhausting, there's really nothin' left to say
I created this storm, it's only fair I have to sit in its rain
When will I begin to feel like me again?
I'm hanging by a thread
My skin's paper-thin, I can't stop wavering
I've never been more scared
Cry your heart out, it'll clean your face
When you're in doubt, go at your own pace
Cry your heart out, it'll clean your face
When you're in doubt, go at your own pace
(Ooh, ooh-ooh-ooh)
(Ooh, ooh-ooh-ooh)
All love is devout, no feeling is a waste
But give it to yourself now before it's too late
In the end, it's just you, stop drowning in wait
Your love is useless without it
Cry your heart out (Cry, yeah), it'll clean your face
When you're in doubt, go at your own pace"
29,Adele,Don’t You Remember,,2011,"January 24, 2011","“Don’t You Remember” – the fourth track on Adele’s 21, – follows Adele through her admission of her own personal flaws as she finds herself begging her ex-lover to recall why he initially fell in love with…
When will I see you again?
You left with no goodbye, not a single word was said
No final kiss to seal any sins
I had no idea of the state we were in
I know I have a fickle heart and a bitterness
And a wandering eye,
and a heaviness in my head
But don't you remember?
Don't you remember?
The reason you loved me before
Baby, please remember me once more
When was the last time that you thought of me?
Or have you completely erased me from your memory?
I often think about where I went wrong
The more I do, the less I know
But I know I have a fickle heart and a bitterness
And a wandering eye, and a heaviness in my head
But don't you remember?
Don't you remember?
The reason you loved me before
Baby, please remember me once more
Gave you the space so you could breathe
I kept my distance so you would be free
In hope that you'd find the missing piece
To bring you back to me
Why don't you remember?
Don't you remember?
The reason you loved me before
Baby, please remember me once more
When will I see you again?"
30,Adele,Can I Get It,,2021,"November 19, 2021","Türkçe
Filipino
فارسی
srpski
Written about wanting to be in a real relationship instead of one that would devolve into casual sex, “Can I Get It” is a big production pop track created in collaboration with Shellback and Max Martin.
In…
Pave me a path to follow
And I'll tread any dangerous road
I will beg and I'll steal, I will borrow
If I can make, if I can make your heart my home
Throw me to the water
I don't care how deep or shallow
Because my heart can pound like thunder
And your love, and your love can set me free
Oh, I have promised I will love you 'til the end of time
Through it all, the good, the bad, the ugly, and divine
I will be the melody, the rhythm, and your rhyme
All I want is for you to be mine, mine
So can I get it right now? Mmm
Can I get it right now? (Can I get it here?)
Can I get it right now?
Can I get it right now?
Let me, let me just come and get it
Can I get it?
You tease me with your control
Because I long to live under your spell
And without your love, I'm hollow
I won't make it, I won't make it on my own
I have promised I will love you 'til the end of time (End of time)
Through it all, the good, the bad, the ugly and divine (So divine)
I will be the melody, the rhythm, and your rhyme (Mmm)
All I want is for you to be mine, mine
So can I get it right now? Mmm
Can I get it right now? (Can I get it here?)
Can I get it right now?
Can I get it right now?
Let me, let me just come and get it
Can I get it?
When will you run with me?
Like I know you wanna
(Like you want to, like you want)
You're the one for me
And I'm countin' on you (On you)
To put the pieces of me back together
So can I get it right now? Mmm
Can I get it right now? (Mmm)
Can I get it right now?
Can I get it right now?
Let me, let me just come and get it"
31,Adele,All Night Parking Interlude,,2021,"November 19, 2021","Türkçe
srpski
I know you've got things to do (I do, too)
I just wanna spend all my time with you (It feels so good)
I'm so hard to impress, don't leave me on this stretch alone
When I'm out at a party, I'm just excited to get home
And dream about you
All night long
I don't know how you got through to me (I'm so cold)
It's all happenin' so easily (Like, oh, my God)
It's so hard to digest, usually, I'm best alone
But every time that you text, I want to get on the next flight home
And dream next to you
All night long
Maybe it's the way you remind me of (Where I come from)
Or how you make me feel beautiful (And thеn some)
The sight of you is dramatic, one glimpsе and I panic inside
I get lost in our hours 'cause you possess powers I can't fight
That's why I dream about you
All night long
All night long
All night"
32,Adele,Lovesong,,2011,"January 24, 2011","Türkçe
On “Lovesong”, Adele takes The Cure’s classic rock ballad for a sensual, bossa-nova spin. On the standard edition of 21, it’s the penultimate track; on others (like the iTunes version), it’s just the tenth.
Whenever I'm alone with you
You make me feel like I am home again
Whenever I'm alone with you
You make me feel like I am whole again
Whenever I'm alone with you
You make me feel like I am young again
Whenever I'm alone with you
You make me feel like I am fun again
However far away, I will always love you
However long I stay, I will always love you
Whatever words I say, I will always love you
I will always love you
Whenever I'm alone with you
You make me feel like I am free again
Whenever I'm alone with you
You make me feel like I am clean again
However far away, I will always love you
However long I stay, I will always love you
Whatever words I say, I will always love you
I will always love you
However far away, I will always love you
However long I stay, I will always love you
Whatever words I say, I will always love you
I'll always love you
I'll always love you
'Cause I love you
Love, love"
33,Adele,River Lea,,2015,"November 20, 2015","فارسی
The “River Lea” is a real river that flows through the north and east of Adele’s childhood city of London. It also has a section named the River Lea Navigation, which is canalised.
Simplified diagram…
Everybody tells me it's 'bout time that I moved on
That I need to learn to lighten up and learn how to be young
But my heart is a valley, it's so shallow and manmade
I'm scared to death if I let you in that you'll see I'm just a fake
Sometimes, I feel lonely in the arms of your touch
But I know that's just me 'cause nothing ever is enough
When I was a child, I grew up by the River Lea
There was something in the water, now that something's in me
Oh, I can't go back
But the reeds are growing out of my fingertips
I can't go back to the river
But it's in my roots, in my veins
In my blood and I stain
Every heart that I use to heal the pain
Oh, it's in my roots, in my veins
In my blood and I stain
Every heart that I use to heal the pain
So I blame it on the River Lea, the River Lea, the River Lea
Yeah, I blame it on the River Lea, the River Lea, the River Lea
I should probably tell you now before it's way too late
That I never meant to hurt you or lie straight to your face
Consider this my apology, I know it's years in advance
But, I would rather say it now in case I never get the chance
No, I can't go back
But the reeds are growing out of my fingertips
I can't go back to the river
But it's in my roots, in my veins
In my blood and I stain
Every heart that I use to heal the pain
Oh, it's in my roots, in my veins
In my blood and I stain
Every heart that I use to heal the pain
So I blame it on the River Lea, the River Lea, the River Lea
Yeah, I blame it on the River Lea, the River Lea, the River Lea
So I blame it on the River Lea, the River Lea, the River Lea
Yeah, I blame it on the River Lea, the River Lea, the River Lea
River Lea, River Lea
River Lea
The River Lea-ea-ea
The River Lea-ea-ea
The River Lea-ea-ea"
34,Adele,Sweetest Devotion,,2015,"November 20, 2015","“Sweetest Devotion” is a song by English singer-songwriter Adele. It’s written by Adele in collaboration with Paul Epworth, and appears as the final track on her third album, 25.
In an interview with USA…
With your loving, there ain't nothing that I can't adore
The way I'm running with you, honey
Means we can break every law
I find it funny that you're the only one I never looked for
There is something in your loving that tears down my walls
I wasn't ready then, I'm ready now
I'm heading straight for you
You will only be eternally
The one that I belong to
The sweetest devotion
Hit me like an explosion
All of my life, I've been frozen
The sweetest devotion I know
I'll forever be whatever you want me to be
I'll go under and all over for your clarity
When you wonder if I'm gonna lose my way home
Just remember, that come whatever, I'll be yours all along
I wasn't ready then, I'm ready now
I'm heading straight for you
You will only be eternally
The one that I belong to
The sweetest devotion
Hit me like an explosion
All of my life, I've been frozen
The sweetest devotion I know
I've been looking for you, baby
In every face that I've ever known
And there is something 'bout the way you love me
That finally feels like home
You're my light, you're my darkness
You're the right kind of madness
You're my hope, you're my despair
You're my scope of everything, everywhere
The sweetest devotion
Hit me like an explosion
All of my life, I've been frozen
The sweetest devotion I know
Sweetest, it's the sweetest
Sweetest, it's the sweetest
Sweetest, it's the sweetest
Sweetest, it's the sweetest devotion"
35,Adele,He Won’t Go,,2011,"January 24, 2011","“He Won’t Go” was mainly inspired by two friends of Adele’s that she had met after her first record, 19, was released. She had met them through her love of dogs. The male was a heroin-addict and had been…
Some say I'll be better without you
But they don't know you like I do
Or at least the sides I thought I knew
I can't bear this time
It drags on as I lose my mind
Reminded by things I find
Like notes and clothes you left behind
Wake me up, wake me up when all is done
I won't rise until this battle's won
My dignity's become undone
But I won't go
I can't do it on my own
If this ain't love, then what is?
I'm willing to take the risk
I won't go
I can't do it on my own
If this ain't love, then what is?
I'm willing to take the risk
So petrified, I'm so scared to step into this ride
What if I lose my heart and fail the climb?
I won't forgive me if I give up trying
I heard his voice today
I didn't know a single word he said
Not one resemblance to the man I met
Just a vague and broken boy instead
But I won't go
I can't do it on my own
If this ain't love, then what is?
I'm willing to take the risk
I won't go
I can't do it on my own
If this ain't love, then what is?
I, I'm willing to take the risk
There will be times we'll try and give it up
Bursting at the seams, no doubt
We'll almost fall apart then burn the pieces
To watch them turn to dust
But nothing will ever taint us
I won't go
I can't do it on my own
If this ain't love, then what is?
I'm willing to take the risk
I won't go
I can't do it on my own
If this ain't love, then what is?
I, I'm willing to take the risk
Will he, will he still remember me?
Will he still love me even when he's free?
Or will he go back to the place where he
Will choose the poison over me?
When we spoke yesterday
He said to hold my breath and sit and wait
""I'll be home so soon, I won't be late""
He won't go
He can't do it on his own
If this ain't love, then what is?
He's willing to take the risk
So I won't go
He can't do it on his own
If this ain't love, then what is?
I'm willing to take the risk
'Cause he won't go
He can't do it on his own
If this ain't love, then what is?
We're willing to take the risk
I won't go
I can't do it on my own
If this ain't love, then what is?
I'm willing to take the risk"
36,Adele,Daydreamer,,2008,"January 28, 2008","Dansk
“Daydreamer” is the first track off Adele’s first album, 19.
In 2008 interviews with The Sun and Daily Star Adele discussed the song’s inspiration:
It was about a friend of mine, who’s still one of my best…
Daydreamer
Sitting on the sea
Soaking up the sun
He is a real lover
Of making up the past
And feeling up his girl
Like he's never felt her figure before
A jaw dropper
Looks good when he walks
Is the subject of their talk
He would be hard to chase
But good to catch
And he could change the world
With his hands behind his back, oh
You can find him sitting on your doorstep
Waiting for a surprise
And he will feel like he's been there for hours
And you can tell that he'll be there for life
Daydreamer
With eyes that make you melt
He lends his coat for shelter
Plus he's there for you
When he shouldn't be
But he stays all the same
Waits for you
Then sees you through
There's no way I could describe him
What I've said is just what I'm hoping for
But I will find him sitting on my doorstep
Waiting for a surprise
And he will feel like he's been there for hours
And I can tell that he'll be there for life
And I can tell that he'll be there for life"
37,Adele,Can’t Let Go,,2015,"November 20, 2015","“Can’t Let Go” is the first of three Target bonus tracks from singer-songwriter Adele’s third studio album, 25. The song was written by Adele and Linda Perry, who also contributed  by producing the track.
When did it go wrong? I will never know
I have loved you all my life
How did it slow down? I go round and around
Thinking about it all the time
I gave you heaven on a platter, baby
I gave you everything you never gave me
I never lied and I never faked it
Only wanted for you to save me
This love, it ain't over yet
There's too much that I haven't said
Did you find the note that I wrote?
I hid it in the seam of your coat
It was hard to write with a lump in my throat
Do you even know that I can't let go?
Why were you so cold? Let the truth be told
Tell me, was it all for the thrill?
What was I thinking? I gave you everything
But you still went for the kill
I gave you heaven on a platter, baby
I gave you everything you never gave me
I never lied and I never faked it
Only wanted for you to save me
Did you find the note that I wrote?
I hid it in the seam of your coat
It was hard to write with a lump in my throat
Do you even know that I can't let go?
Ooh, sometimes I feel like I'm in the dark
Ooh, I thought I'd die in your arms
Did you find the note that I wrote?
I hid it in the seam of your coat
It was hard to write, I had a lump in my throat
Do you even know that I can't let go?
Hope you know, I won't let go"
38,Adele,Crazy for You,,2008,"January 28, 2008","According to Adele,  “Crazy For You” “is probably the only really nice song” on 19.
It is a joyful track and focuses on Adele’s love for a boy and how much she adores him over a soothing G Major guitar chord…
Found myself today singin' out loud your name
You said I'm crazy, if I am, I'm crazy for you
Sometimes sittin' in the dark, wishin' you were here
Turns me crazy, but it's you who makes me lose my head
And every time I'm meant to be acting sensible
You drift into my head and
Turn me into a crumblin' fool
Tell me to run and I'll race
If you want me to stop I'll freeze
And if you want me gone, I'll leave
Just hold me closer, baby
And make me crazy for you
Crazy for you
Lately with this state I'm in, I can't help myself but spin
I wish you'd come over, send me spinning closer to you
My, oh my, how my blood boils, it's sweet taste for you
Strips me down bare and gets me into my favourite mood
I keep on trying, fighting these feelings away
But the more I do
The crazier I turn into
Pacing floors and opening doors
Hoping you'll walk through
And save me, boy
Because I'm too crazy for you
Crazy for you"
39,Adele,Melt My Heart to Stone,,2008,"January 28, 2008","Right under my feet is air made of bricks
That pulls me down and turns me weak for you
I find myself repeating like a broken tune
And I'm forever excusing your intentions
Then, I give in to my pretendings
Which forgive you each time
Without me knowing
They melt my heart to stone
And I hear your words that I made up
You say my name like there could be an us
I best tidy up my head, I'm the only one in love
I'm the only one in love
Each and every time I turn around to leave
I feel my heart begin to burst and bleed
So, desperately, I try to link it with my head
But instead, I fall back to my knees
As you tear your way right through me
I forgive you once again
Without me knowing
You've burnt my heart to stone
And I hear your words that I made up
You say my name like there could be an us
I best tidy up my head, I'm the only one in love
I'm the only one in love
Why do you steal my hand
Whenever I'm standing my own ground?
You build me up and leave me there
Well, I hear your words you made up
I say your name like there should be an us
I best tidy up my head, I'm the only one
In love, I'm the only one in love"
40,Adele,Take It All,,2011,"January 24, 2011","The seventh track of 21 finds Adele lamenting on a now-lost relationship. Evidently, she’s hurt by their emotionally violent breakup, but she still has feelings for her ex.
However, he doesn’t reciprocate…
Didn't I give it all? Tried my best
Gave you everything I had, everything and no less
Didn't I do it right? Did I let you down?
Maybe you got too used to, well, having me around
Still, how can you walk away from all my tears?
It's gonna be an empty road without me right here
But go on and take it (Take it)
Take it all with you
Don't look back (Don't look back)
At this crumbling fool
Just take it all with my love
Take it all with my love
Maybe I should leave to help you see
Nothing gets better than this
And this is everything we need
So is it over? Is this really it?
You're giving up so easily
I thought you loved me more than this
But go on, go on and take it (Take it)
Take it all with you
Don't look back (Don't look back)
At this crumbling fool
Just take it all with my love
Take it all with my love
I will change if I must
Slow it down and bring it home, I will adjust
Oh, if only, if only you knew
That everything I do is for you
But go on, go on and take it (Take it)
Take it all with you
Don't look back (Don't look back)
At this crumbling fool
Just take it (Take it)
Take it all with you
Don't look back (Don't look back)
At this crumbling fool
Just take it all with my love
Take it all with my love
Take it all with my love"
41,Adele,I’ll Be Waiting,,2011,"January 24, 2011","“I’ll Be Waiting” is a far more upbeat and hopeful song compared to the rest of 21. On it, Adele discusses how she can benefit from her recent breakup and apologizes for portraying her ex-lover in a negative…
Hold me closer one more time
Say that you love me in your last goodbye
Please forgive me for my sins
Yes, I swam dirty waters but you pushed me in
I've seen your face under every sky
Over every border and on every line
You know my heart more than I do
We were the greatest, me and you
But we had time against us and miles between us
The heavens cried, I know I left you speechless
But now the sky has cleared and it's blue
And I see my future in you
I'll be waiting for you when you're ready to love me again
I'll put my hands up
I'll do everything different, I'll be better to you
I'll be waiting for you when you're ready to love me again
I'll put my hands up
I'll be somebody different, I'll be better to you
Let me stay here for just one more night
Build your walls around me and pull me to the light
So I can tell you that I was wrong
I was a child then but now I'm willing to learn
But we had time against us and miles between us
The heavens cried, I know I left you speechless
But now the sky has cleared and it's blue
And I see my future in you
I'll be waiting for you when you're ready to love me again
I'll put my hands up
I'll do everything different, I'll be better to you
I'll be waiting for you when you're ready to love me again
I'll put my hands up
I'll be somebody different, I'll be better to you
Time against us (Time against us), miles between us (Miles between us)
Heavens cried, I know I left you speechless
Time against us (Time against us), miles between us (Miles between us)
Heavens cried, I know I left you speechless
I know I left you speechless
I'll be waiting
I'll be waiting for you when you're ready to love me again
I'll put my hands up
I'll do everything different, I'll be better to you
I'll be waiting for you when you're ready to love me again
I'll put my hands up
I'll be somebody different, I'll be better to you"
42,Adele,Why Do You Love Me,,2015,"November 20, 2015","“Why Do You Love Me” is the last bonus track from Adele’s third album 25. It was written jointly by Adele and Rick Nowels, and produced by Ariel Rechtshaid. It was included exclusively in the Target and…
Why do you love me, do you love me?
Why do you love me, do you love me?
Why do you love me, do you love me?
Why do you love me?
Why do you love me, do you love me?
Why do you love me, do you love me?
Why do you love me, do you love me?
Why do you love me?
Why do you love me?
There must be something in the water
'Cause, baby, I'm in deeper than I knew
How do you keep me coming back for more
After all we've been through?
I can't decide if I should run and hide
It's above and beyond me, it's out of my hands
Your love drives me crazy, it's hard to understand
Just why I want you to love me
I want you to love me
I want you to love me
I want you to love me
Who knows why I love you
It could be something in the air I breathe
Whatever it is, I depend on it
And where does the time go?
I spend every single moment daydreaming of you
I can't describe how I feel, it feels right
It's above and beyond me, it's out of my hands
Your love drives me crazy, it's hard to understand
Just why I want you to love me
I want you to love me
I want you to love me
I want you to love me
You were a shot in the dark that blew me away
And you left your mark, and it never will fade
You've ignited a spark, let the fires away
Are you ready, ready?
You have a place in my heart that will always be yours
You are the peak and art of my universe
Every piece and part, you were the first
I am ready, ready
It's above and beyond me, it's out of my hands
Your love drives me crazy, it's hard to understand
Just why I want you to love me
I want you to love me
I want you to love me
I want you
It's above and beyond me, it's out of my hands
Your love drives me crazy, it's hard to understand
Just why I want you to love me
I want you to love me
I want you to love me
I want you to love me
Why do you love me, do you love me?
Why do you love me, do you love me?
Why do you love me, do you love me?
Why do you love me, do you love me?"
43,Adele,First Love,,2008,"January 28, 2008","Adele is known for her chart-topping love songs. However, those songs tend to be dramatic, sad, ballad-like, and overall very emotional.
For “First Love”, the seventh track on her debut album 19, she tones…
So little to say, but so much time
Despite my empty mouth, the words are in my mind
Please, wear the face, the one where you smile
Because you lighten up my heart when I start to cry
Forgive me, first love, but I'm tired
I need to get away to feel again
Try to understand why
Don't get so close to change my mind
Please wipe that look out of your eyes
It's bribing me to doubt myself
Simply, it's tiring
This love has dried up, and stayed behind
And if I stay, I'll be a lie
Then choke on words I'd always hide
Excuse me, first love, but we're through
I need to taste the kiss from someone new
Forgive me, first love, but I'm too tired
I'm bored to say the least and I, I lack desire
Forgive me, first love, forgive me, first love
Forgive me, first love, forgive me, first love, forgive me
Forgive me, first love, forgive me, first love"
44,Adele,I Found a Boy,,2011,"January 24, 2011","“I Found a Boy” was the earliest song written to appear on 21, though Adele considers “Take It All” to be the first song written specifically for the record.
I thought I told you, he'd be home soon
Couldn't help myself, you're too good to be true
I fall short each time, every time he ain't here
You and your charm creep closer, closer and near
Like a fool for fire, I fall, with my pride and all
Like a bomb before explosion, ticking by your call
You're the wiser one, disguised from greed
And I'm just a child who longs on her knees
But I found a boy who I love more
Than I ever did you before
So stand beside the river I cried
And lay yourself down
Look how you want me now that I don't need you
So you thought that I'd crumble to my knees
At the first sight of you crawling back to me
To whisper, ""Will you leave your man?""
'Cause you swear that this time you can stand by me
I won't stand by you
'Cause I found a boy who I love more
Than I ever did you before
So stand beside the river I cried
And lay yourself down
Look how you want me now that I don't need you
I ain't yours for no taking
You must be mistaken
I could never look into your eyes
And settle for wrong and ignore the right
When I found a boy who loves me more
Than you ever did before
So stand beside the river you cried
And lay yourself down
Look how you want me now, but I don't need you"
45,Adele,Wild Wild West,,2021,"November 19, 2021","Türkçe
I grew a nipper in the wild wild west
And for a while I was at my best
So much so that I got hitched in a big white dress
But all it did was make me so sad and stressed
And so I got soaked in the wild wild west
I was gallivanting in the silhouettes
That's when I, I met a jingler in the, in the wild west
While he was sparrow-catching in the wilderness
(Ah-ooh)
Don't waste your time when I've got a (Ah-ooh) backbone of steel
(Ah-ooh)
Don't push me once or I'll shoot a (Ah-ooh) look that will kill
(Ah-ooh)
Don't waste your time when I've got a (Ah-ooh) backbone of steel
(Ah-ooh)
Don't push me once or I'll shoot a look that will kill ya
From LA to San Francisco
I lost my mind in San Bernardino
Even Chula Vista and Modesto
I broke my heart in San Diego
Now I'm cutting shines in the wild wild west
I had to bed my man down to save myself
That's when I got churched in the, in the wild west
Not that I care, I find God so hard to impress
(Ah-ooh)
Don't waste your time when I've got a (Ah-ooh) backbone of steel
(Don't waste your time)
(Ah-ooh)
Don't push me once or I'll shoot a (Ah-ooh) look that will kill
(I'll shoot you down)
(Ah-ooh)
Don't waste your time when I've got a (Ah-ooh) backbone of steel
(Don't waste your time)
(Ah-ooh)
Don't push me once or I'll shoot a look that will kill ya
From LA to San Francisco
I lost my mind in San Bernardino
Even Chula Vista and Modesto
I broke my heart in San Diego
Wild in the west (It's so wild)
It's so wild in the west
(It's so wild, it's so wild)
(It's so wild in the west)
Wild wild west
From LA to San Francisco
I lost my mind in (I lost my mind) San Bernardino
(Even Chula) Even Chula Vista and Modesto
I broke my heart (I broke my heart) in San Diego
From LA to San Francisco
I lost my mind in San Bernardino
Even Chula Vista and Modesto
I break my heart wherever I go"
46,Adele,Lay Me Down,,2015,"November 20, 2015","“Lay Me Down” is the second of three Target and Japanese bonus tracks from English singer-songwriter Adele’s third studio album, 25. The song was written by Adele and Tobias Jesso Jr, and produced by Mark…
I would never lie to you unless you tell me to
Every part of me, all my words to hold
And hold against me, why won't you let it be?
Don't you ever say my love, ""open up your heart""
No I'm not gonna do it standing up
The words don't come out right when you're right in front of me
Help me baby, won't you turn off the lights
Lay me down ('til the morning)
Lay me down (through the night)
Lay me down (I can fall in)
Lay me down (Won’t you)
Lay me down (I can baby)
Lay me down (Someone believe me)
I would never break the rules unless you tell me to
You can read my mind, be it truth or lies
Lie down beside me, why won't you let it be?
Don't you ever say my love opened up your heart
No I'm not gonna do it standing up
The words don't come out right when you're right in front of me
Help me baby, won't you turn off the lights
Lay me down ('til the morning)
Lay me down (through the night)
Lay me down (I can fall in)
Lay me down (Won't you)
Lay me down (I can baby)
Lay me down (Someone believe me)
Lay down with me
Lay down with me
Lay down with me
Lay down with me
Words don't come out right when you're right in front of me
Help me baby, won't you turn off the lights
Lay me down ('til the morning)
Lay me down (through the night)
Lay me down (I can fall in)
Lay me down (Won't you)
Lay me down (I can baby)
Lay me down (Someone believe me)"
47,Adele,Right as Rain,,2008,"January 28, 2008","The eighth track on Adele’s debut 19 finds her lamenting on a lost love, much like the rest of the album. However, this somewhat embraces the pain of a bad relationship. It plays off of the idiom “right as…
Who wants to be right as rain?
It's better when something is wrong
You get excitement in your bones
And everything you do's a game
When night comes, and you're on your own
You can say, ""I chose to be alone""
Who wants to be right as rain?
It's harder when you're on top
'Cause when hard work don't pay off and I'm tired
There ain't no room in my bed, as far as I'm concerned
So wipe that dirty smile off
We won't be making up, I've cried my heart out
And now I've had enough of love
Who wants to be riding high
When you'll just crumble back on down?
You give up everything you are
And even then, you don't get far
They make believe that everything
Is exactly what it seems
But at least when you're at your worst
You know how to feel things
See, when hard work don't pay off and I'm tired
There ain't no room in my bed, as far as I'm concerned
So wipe that dirty smile off
We won't be making up, I've cried my heart out
And now, I've had enough of (love)
Go ahead and steal my heart to make me cry again
'Cause it will never hurt as much it did then
When we were both right, and no one had blame
But now, I give up on this endless game
'Cause who wants to be right as rain?
It's better when something is wrong
I get excitement in my bones
Even though everything's a strain
When night comes, and I'm on my own
You should know I chose to be alone
Who wants to be right as rain?
It's harder when you're on top
'Cause when hard work don't pay off and I'm tired
There ain't no room in my bed, as far as I'm concerned
So wipe that dirty smile off
We won't be making up, I've cried my heart out
And now, I've had enough of—
No room in my bed, as far as I'm concerned
So wipe that dirty smile off
We won't be making up, I've cried my heart out
And now, I've had enough of love"
48,Adele,Best for Last,,2008,"January 28, 2008","Dansk
“Best for Last” is a stripped-down acoustic track on Adele’s debut, 19. It sheds some light on the downfall of the relationship between Adele and her ex-boyfriend, which inspired almost all of the songs on…
Wait, do you see my heart on my sleeve?
It's been there for days on end
And it's been waitin' for you to open up yours, too
Baby, come on now, I'm trying to tell you just how
I'd like to hear the words roll out of your mouth finally
Say that it's always been me
That's made you feel a way you've never felt before
And I'm all you need and that you never want more
Then you'd say all of the right things without a clue
But you'd save the best for last like I'm the one for you
You should know that you're just a temporary fix
This is not rooted with you, it don't mean that much to me
You're just a filler in the space that happened to be free
How dare you think you'd get away with tryin' to play me, yeah?
Why is it every time I think I've tried my hardest
It turns out it ain't enough?
You're still not mentioning love
What am I supposed to do to make you want me properly?
I'm takin' these chances and getting nowhere
And though I'm trying my hardest, you go back to her
And I think that I know things may never change
I'm still hopin' one day I might hear you say
I make you feel a way you've never felt before
And I'm all you need and that you never want more
Then you'd say all of the right things without a clue
But you'd save the best for last like I'm the one for you
You should know that you're just a temporary fix
This is not rooted with you, it don't mean that much to me
You're just a filler in the space that happened to be free
How dare you think you'd get away with tryin' to play me, yeah?
But, despite the truth that I know
I find it hard to let go and give up on you
Seems I love the things you do
Like the meaner you treat me, more eager I am
To persist with this heartbreak of runnin' around
And I will do until I'm findin' myself with you
And make you feel a way you've never felt before
And be all you need so that you never want more
Then you'd say all of the right things without a clue
And you'll be the one for me and me, the one for you
Yeah, yeah, yeah, yeah"
49,Adele,Can’t Be Together,,2021,"November 19, 2021","Adele - Can’t Be Together (Türkçe Çeviri)
You've got your eye on me after all these years
You think that I can't see you from over here
I may be out of your view, but I can hear you
I may be out of the room, but I can see you
I know you still want me, you always will
And I can guarantee I know just how it feels
To never be free completely
Sometimes you just feel so empty
Like lately when I have been missing you
And I would still do anything for you
But we need to learn how to love who we're loving
It's hard but we must we've got to let it go
And turn off the urge to know what could have been
But I will love you forever
I was far too reckless, I know that now
Trying to make you jealous made me feel proud
But now I'm in too deep to climb out
But know that I live with my doubt, oh-oh
Like lately when I have been missing you
And I want to do everything with you
But we need to learn how to love who we're loving
It's hard but we must, we've got to let it go
And turn off the urge to know what could have been
But I will love you forever
Since we were together everybody's changed
Our reflections in the mirror no longer look the same
And we're only just beginning to live the lives we'll make
But I will always miss you at the end of each day
But we need to learn how to love who we're loving
It's hard but we must, we've got to let it go
And turn off the urge to know what could have been
My love, let's learn how to love who we're loving
It's so hard but we must, we've got to let it go
And turn off the urge to know what could have been
But I will love you forever
But we can't be together
No, we won't be together"
